{
    "saudacoes": [
        "ola",
        "olá",
        "oi",
        "bom dia",
        "boa tarde",
        "boa noite",
        "e ai",
        "e aí",
        "tudo bem",
        "como vai"
    ],
    "despedidas": [
        "tchau",
        "adeus",
        "ate logo",
        "até logo",
        "ate mais",
        "até mais",
        "ate breve",
        "até breve",
        "falou"
    ],
    "perguntas_gerais": [
        "como voce esta",
        "como você está",
        "tudo bem com voce",
        "tudo bem com você",
        "como vai voce",
        "como vai você",
        "que tal",
        "como tem passado"
    ],
    "agradecimentos": [
        "obrigado",
        "obrigada",
        "valeu",
        "muito obrigado",
        "muito obrigada",
        "agradecido",
        "agradecida"
    ],
    "duvidas": [
        "pode me ajudar",
        "preciso de ajuda",
        "tem como ajudar",
        "voce pode me auxiliar",
        "você pode me auxiliar",
        "gostaria de saber"
    ],
    "responses": {
        "saudacoes": [
            "Olá! Como posso ajudar você hoje?",
            "Oi! Em que posso ser útil?",
            "Olá! É um prazer conversar com você!",
            "Oi! Como posso auxiliar você?",
            "Olá! Estou aqui para ajudar!"
        ],
        "despedidas": [
            "Até logo! Tenha um ótimo dia!",
            "Tchau! Foi um prazer ajudar!",
            "Até mais! Volte sempre que precisar!",
            "Adeus! Espero ter ajudado!",
            "Até a próxima! Cuide-se bem!"
        ],
        "perguntas_gerais": [
            "Estou muito bem, obrigado por perguntar! Como posso ajudar?",
            "Tudo ótimo! E com você? Como posso auxiliar?",
            "Estou funcionando perfeitamente! Em que posso ajudar?",
            "Muito bem! Pronto para ajudar no que precisar!"
        ],
        "agradecimentos": [
            "Por nada! Estou sempre à disposição!",
            "Disponha! Foi um prazer ajudar!",
            "Que bom que pude ajudar! Precisando, estou aqui!",
            "O prazer foi meu em ajudar!"
        ],
        "duvidas": [
            "Claro! Estou aqui para ajudar. O que você precisa saber?",
            "Com certeza! Pode me dizer qual é sua dúvida?",
            "Sim, posso ajudar! O que você gostaria de saber?",
            "Estou à disposição para ajudar! Qual é sua dúvida?"
        ]
    }
}