{
    "patterns": [
        {
            "type": "greeting",
            "responses": [
                "Hello! How can I help you today?",
                "Hi there! What can I do for you?",
                "Hey! Nice to meet you!"
            ]
        },
        {
            "type": "farewell",
            "responses": [
                "Goodbye! Have a great day!",
                "Bye! Take care!",
                "See you later!"
            ]
        },
        {
            "type": "question",
            "responses": [
                "I'm doing well, thank you for asking!",
                "I'm here to help you!",
                "Everything is going great!"
            ]
        }
    ]
}